<?xml version="1.0" encoding="utf-8" ?>
<dwsync>
<file name="index.html" local="129859634660000000" remote="130506976200000000" testing="0" />
<file name="contents.html" local="129386721660000000" remote="130506976200000000" testing="0" />
<file name="test_smtp_gmail_advanced.php" local="129887949400000000" remote="130506976200000000" testing="0" />
<file name="test_pop_before_smtp_advanced.php" local="129887949400000000" remote="130506976200000000" testing="0" />
<file name="test_smtp_basic.php" local="129719408080000000" remote="130506976200000000" testing="0" />
<file name="test_smtp_basic_no_auth.php" local="129719408080000000" remote="130506976200000000" testing="0" />
<file name="test_pop_before_smtp_basic.php" local="129719408080000000" remote="130506976200000000" testing="0" />
<file name="test_smtp_advanced_no_auth.php" local="129887949400000000" remote="130506976200000000" testing="0" />
<file name="test_sendmail_advanced.php" local="129887949400000000" remote="130506976200000000" testing="0" />
<file name="test_mail_basic.php" local="129996887597445625" remote="130506976200000000" testing="0" />
<file name="test_db_smtp_basic.php" local="129719408080000000" remote="130506976200000000" testing="0" />
<file name="test_smtp_advanced.php" local="129887949400000000" remote="130506976200000000" testing="0" />
<file name="test_sendmail_basic.php" local="129887949400000000" remote="130506976200000000" testing="0" />
<file name="test_mail_advanced.php" local="129887949400000000" remote="130506976200000000" testing="0" />
<file name="test_smtp_gmail_basic.php" local="129719408080000000" remote="130506976200000000" testing="0" />
</dwsync>